id,link,date,title,text,imageLink,classification
saude-01,https://www.saude.gov.br/component/content/article/1361-fake-news/47028-declaracao-ministro-pazuello-sobre-atestados-de-obitos-e-fake-news,2020-06-08 17:45:47,Declaração ministro Pazuello sobre atestados de óbitos,"Atestado de óbitos não poderão mais notificar suspeita de Covid-19"". Terão que fazer a contraprova e constar apenas com o devido resultado positivo, a farra vai acabar.",https://www.saude.gov.br/images/jpg/2020/June/08/fake01.jpg,1
saude-02,https://www.saude.gov.br/component/content/article/1361-fake-news/46967-vacina-da-gripe-aumenta-risco-de-adoecer-por-coronavirus-e-fake-news,2020-05-28 11:34:22,Vacina da gripe aumenta risco de adoecer por coronavírus,Vacina contra a gripe aumenta o risco de complicações relacionadas ao Coronavírus FAKE em 36% NEWS! Resumo : tomar vacina agora pode Aumentr em 36% ambiente pra covid19 https://www.ncbi.nlm.nih.gov/pubmed/3 607599,https://www.saude.gov.br/images/jpg/2020/May/28/fake1.jpg,1
saude-03,https://www.saude.gov.br/component/content/article/1361-fake-news/46779-mascaras-sem-qualidade-distribuidas-pelo-ministerio-da-saude-e-fake-news,2020-04-24 14:29:47,Máscaras sem qualidade distribuídas pelo Ministério da Saúde,,https://www.saude.gov.br/images/jpg/2020/April/24/fake06.jpg,1
saude-04,https://www.saude.gov.br/component/content/article/1361-fake-news/46778-software-das-upas-obrigam-registro-de-coronavirus-e-fake-news,2020-04-24 14:28:27,Software das UPAS obrigam registro de coronavírus,"Enfermeiras de UPAS denunciam que novo software do SUS. para registrar se pacientes tem sintomas de Covidi9, não aceita registrar o NÃO. apenas o SIM. Atė pacientes com queimaduras são registrados como Covid19 Com a chegada do frio querem disparar o nº de mortes. ",https://www.saude.gov.br/images/jpg/2020/April/24/fake05.jpg,1
saude-05,https://www.saude.gov.br/component/content/article/1361-fake-news/46777-mascaras-de-doacao-da-china-sao-contaminadas-com-coronavirus-e-fake-news,2020-04-24 14:27:06,Máscaras de doação da China são contaminadas com coronavírus,Máscaras de doação da China contaminadas com corona virus,https://www.saude.gov.br/images/jpg/2020/April/24/fake04.jpg,1
saude-06,https://www.saude.gov.br/component/content/article/1361-fake-news/46776-numero-de-obitos-por-covid-e-de-946-e-fake-news,2020-04-24 14:17:28,Número de óbitos por COVID é de 946,NÚMERO DE ÓBITOS NO BRASIL DE JANEIRO A MARÇO DE 2020 ÉRIO DA SAUDE AUVERTE - PORTAL DATA-SUS - COVID-19 (até 10. abril) ISTO É 946 Do. Cardíacas 41.425 FAKE Do. Cerebro Vasculares IVAS ( gripes) 29.308 NEWS! 20.712 Alzheimer e suas complic. 18.123 D. Banco /Cardio Pulmonares ALSA - HAO DMLGU 15.534 i Vialència 14.449 Diakketes 12.945 Trânsita 10.356 Ba. Rennis 8.285 Cirrase 7 763,https://www.saude.gov.br/images/jpg/2020/April/24/fake03.jpg,1
saude-07,https://www.saude.gov.br/component/content/article/1361-fake-news/46705-cafe-previne-o-coronavirus-e-fake-news,2020-04-10 10:07:05,Café previne o coronavírus,"Últimas Notícias da CNN: -*  * Dr. Li Wenliang *, o médico herói da China, que foi punido por dizer a verdade sobre o vírus Corona e depois morreu devido mesma doença, havia documentado arquivos de casos para fins de pesquisa e nos arquivos propuseram uma cura que diminuiria significativamente o impacto do COVID - 19 Vírus no corpo humano. A substância quimica *M yixanthine* Theobromine * e* Theophylline * estimulam compostos que podem afastar esses virus em huma sistema imunológico médio. O mais chocante é que essas palavras complexas que eram tão dific pessoas na China são chamadas de * CAFÉ * na india, SIM, nosso CAFÉ regular possui todos esses principal metixantina no café é a cafeína estimulante. Outras metilxantinas encontradas no COFFEE quimicamente similares, Teobromina e Teofilina. A planta do CAFÉ cria esses produtos químicos com uma manelro Insetos e outros animais. Quem diria que toda a solução para esse vírus seria uma simples xicara de café e essa é a ra qual tantos pacientes na China estão sendo curados. A equipe do hospital na China começou a servir o CAFÉ aos pacie vezes ao dia, e o efeito está finalmente em * Wuhan * ""O centro desta pandemia"" fol contido e a transmissão da comut alo menos um quase parou. Compartihe esta mensagem com seus amigos e familiares para conscientizá-los sobre essa bênção na forma de CAFÉ em sua cozinha. ;Tradutor google.",https://www.saude.gov.br/images/jpg/2020/April/10/fake3.jpg,1
saude-08,https://www.saude.gov.br/component/content/article/1361-fake-news/46704-fumar-aumenta-o-risco-da-forma-grave-de-coronavirus-e-verdade,2020-04-10 10:04:22,Fumar aumenta o risco da forma grave de coronavírus,"COVID19, Para se proteger do novo coronavírus, parar de fumar é uma medida tão importante quanto lavar as mãos com água e sabão. Sabe por quê? Além de fazer muito mal à saúde, fumar eleva substancialmente o risco de desenvolver a forma grave da doença causada pelo novo coronavírus, a COVID-19. Desta forma, todas as pessoas que fumam, mesmo aquelas que não são idosas e não possuem nenhum outro problema de saúde, podem se considerar dentro do grupo de risco. Agora é o momento certo para largar o cigarro. Faça isso por você e pelas pessoas que você ama. Clique nesta imagem para saber como obter ajuda. Eumaraumenta orisco de desenvolver aforma grave do coronavirus (COVD 19). AS pessoas que fumam. fazem parte do grupo.de: ОPAS opezuebio Organizaco Mundial da Sade Pan Americana da Saude ",https://www.saude.gov.br/images/jpg/2020/April/10/fake2.jpg,0
saude-09,https://www.saude.gov.br/component/content/article/1361-fake-news/46703-alimentos-alcalinos-evitam-coronavirus-e-fake-news,2020-04-10 10:01:38,Alimentos alcalinos evitam coronavírus,"Isso serve para informar a todos que o pH do virus corona varia de 5,5 a 8,5. * PESQUISA: REVISTA DE VIROLOGIA, MARÇO DE 2020, PÁGINA 19 Tudo o que precisamos fazer, para vencer o vírus corona, precisamos ingerir mais alimentos alcalinos que estão acima do nivel de pH acima do virus. Alguns dos quais são: Limão - 9,9pH  Abacate - 15,6pH Alho - 13,2pH Manga -8,7pH Tangerina - 8,5pH NEWS! Abacaxi - 12,7pH PALSK- Dente de leão - 22,7pH Laranja - 9,2pH Não guarde essas informações apenas para si mesmo. Passe para todos.",https://www.saude.gov.br/images/jpg/2020/April/10/fake1.jpg,1
saude-10,https://www.saude.gov.br/component/content/article/1361-fake-news/46673-medicamento-para-covid-19-e-fake-news,2020-04-07 16:11:12,Medicamento para COVID-19,COVID-19 IgM/lgG,https://www.saude.gov.br/images/jpg/2020/April/07/fake01.jpg,1
saude-11,https://www.saude.gov.br/component/content/article/1361-fake-news/46654-beber-agua-de-15-em-15-minutos-cura-o-coronavirus-e-fake-news,2020-04-03 16:00:03,Beber água de 15 em 15 minutos cura o coronavírus,"*Repassando: ** Um médico infectologista disse que a mídia só fala sobre lavar bem as mãos, usar álcool em gel, não levar as mãos aos olhos, à boca, etc. Mas um fator importante para não contrair o vírus é beber água de 15 em 15 min, não precisa serh um copo cheio, mas pra molhar a garganta. E por onde for andar levar uma garrafa de água. Por quê? Porque ao molhar a garganta se o vírus vier, ele vai direto para o estômago, e não há bact a ou vírus algum que recieta a0 suco gástrico. Se a garganta estiver seca, o virus vai para o esôfago e depois para levado várias pessoas a óbito. Por favor, repassem essa informação",https://www.saude.gov.br/images/jpg/2020/April/03/fake3.jpg,1
saude-12,https://www.saude.gov.br/component/content/article/1361-fake-news/46653-russia-anuncia-cura-para-coronavirus-e-fake-news,2020-04-03 15:57:40,Rússia anuncia cura para coronavírus,URGENTE Rússia anuncia que criou a cura para Coronavírus.,https://www.saude.gov.br/images/jpg/2020/April/03/fake2.jpg,1
saude-13,https://www.saude.gov.br/component/content/article/1361-fake-news/46652-cha-de-limao-com-bicarbonato-quente-cura-coronavirus-e-fake-news,2020-04-03 15:55:47,Chá de limão com bicarbonato quente cura coronavírus,"ISRAEL Resposta para C19 A cura para o vírus C19 ou a maneira de eliminá-lo foi alcançada. As informações vêm de Israel, este vírus não causou nenhuma morte i* A receita é simples * 1. * Limão * O 2. * Bicarbonato * 0 Misture e beba como chá quente - toda tarde, a ação do limão com bicarbonato de sódio mais quente - mata imediatamente o vírus - elimina-o completamente do corpo. Esses dois componentes alcalinizam o sistema fimunológico, pois quando a noite cai, o sistema se torna ácido e as defesas mais baixas. É por isso que o povo de Israel está relaxado com esse vírus. Todo mundo em Israel bebe um copo de água quente com limão e um po įcompartilho com toda a * Por fave icarbonato de sódio à noite, pois isso comprovadamente mata o vírus. Eu o ia e amigos, para que nenhum de nós pegue o vírus. Deixo com seus critérios. ne te ",https://www.saude.gov.br/images/jpg/2020/April/03/fake1.jpg,1
saude-14,https://www.saude.gov.br/component/content/article/1361-fake-news/46627-audio-do-ministro-da-saude-sobre-o-pico-de-infeccao-do-coronavirus-e-fake-news,2020-03-31 10:28:16,Áudio do ministro da Saúde sobre o pico de infecção do coronavírus,,https://www.saude.gov.br/images/jpg/2020/marco/31/fake01.jpg,1
saude-15,https://www.saude.gov.br/component/content/article/1361-fake-news/46588-ministro-da-saude-pede-para-compartilhar-audio-com-informacoes-do-coronavirus-e-fake-news,2020-03-23 13:44:55,Ministro da Saúde pede para compartilhar áudio com informações do coronavírus,Ministro da Saúde Luiz Henrique Mandetta pede pra compartilhar pra todos. Essa semana é muito importante pra vencer o Coronavirus.,https://www.saude.gov.br/images/jpg/2020/marco/23/fake14.jpg,1
saude-16,https://www.saude.gov.br/component/content/article/1361-fake-news/46586-aplicativo-coronavirus-sus-do-governo-do-brasil-e-inseguro-e-fake-news,2020-03-23 13:43:22,"Aplicativo Coronavírus-SUS, do Governo do Brasil, é inseguro ","Caros amigos, recomendo fortemente: NÃO USEM O APLICATIVO ""CORONAVIRUS - SUS"" DO GOVERNO DO BRASIL O aplicativo pede a autorização de uma série de recursos que QUEBRAM A SUA PRIVACIDADE E SEGURANÇA DOS SEUS DADOS. Essas AUTORIZAÇÕES que o aplicativo pede incluem: - Ativar seu microfone; - Acessar arquivos no seu celular e EDITÁ-LOS: - Sua localização; - Acessar a sua lista de contatos; - Impedir que o seu celular fique em modo avião. Isso é muito sério. O aplicativo permite basicamente se tornar um software espião em seu celular sem o seu controle e alterar os seus dados. Quem estiver interessado pode checar no link original do app: Android: https://play.google.com/store/apps/detailstid-br.gov.datasus.guardioes IOS:  https://apps.apple.com/br/app/coronav%C3%ADrus-sus/id1408008362",https://www.saude.gov.br/images/jpg/2020/marco/23/fake13.jpg,1
saude-17,https://www.saude.gov.br/component/content/article/1361-fake-news/46585-governo-do-brasil-anuncia-vacina-do-coronavirus-e-fake-news,2020-03-23 13:42:03,Governo do Brasil anuncia vacina do coronavírus,"VACINA CORONAVÍRUS Governo Federal do Brasil, anuncia que a vacina chega ao Brasil dia 30/03/2020! : Para não haver super lotações nos Postos de Saúde e nas Unidades de Pronto Atendimento (UPA), é OBRIGÁTORIO o agendamento para tomar a vacina contra o COVID-19 de extrema importancia que você ENCAMINHE esta informação para todos os seus Famíliares e Amigos! O agendamento deve ser feito através do APP do Governo do Brasil: https://bit.ly/AgendamentoCOVID-19",https://www.saude.gov.br/images/jpg/2020/marco/23/fake12.jpg,1
saude-18,https://www.saude.gov.br/component/content/article/1361-fake-news/46584-china-anuncia-vacina-para-coronavirus-e-fake-news,2020-03-23 13:40:31,China anuncia vacina para coronavírus,"Ministério da Defesa Chinês anunciou oficialmente que desenvolveu com êxito a vacina contra o Coronavírus, que agora será testada em seres humanos. http://eng.mod.gov.cn/news/2020-03/18/ content_4862087.htm URGENTE CHINA ANUNCIA VACINA PARA O COVID-19",https://www.saude.gov.br/images/jpg/2020/marco/23/fake11.jpg,1
saude-19,https://www.saude.gov.br/component/content/article/1361-fake-news/46582-beber-muita-agua-e-fazer-gargarejo-com-agua-morna-sal-e-vinagre-previne-coronavirus-e-fake-news,2020-03-23 13:37:15,"Beber muita água e fazer gargarejo com água morna, sal e vinagre previne coronavírus ","O corona-vírus, antes de atingit os pulmões, permanece na garganta por quatro dias e, nesse périodo, a pessoa começa a tossir e sentir dores na garganta. Se essa pessoa beber muita água e faz gargarejo com água morna, sal ou vinagre, isso elminará o vírus. Divulgue estas informações, pois você pode salvar alguém se essa pessoa souber idoss.",https://www.saude.gov.br/images/jpg/2020/marco/23/fake8.jpg,1
saude-20,https://www.saude.gov.br/component/content/article/1361-fake-news/46581-todos-os-paises-adotam-as-mesmas-medidas-para-enfrentar-o-coronavirus-e-fake-news,2020-03-23 13:35:18,Todos os países adotam as mesmas medidas para enfrentar o coronavírus,"A Encaminhadoa Olá família, sou a ., filha do .. e moro na Italia. Mando está mensagem que mandei a colegas e familiares para informá-los da situação que estamos vivendo. Esta emergência nos pegou meio despreparados no início, estamos fazendo a experiência no dia a dia e no decorrer da evolução da situação e do número de casos. È tudo novo e espero que esta experiência seja de exemplo para os outros países para que as medidas de prevenção sejam colocadas em ação o quanto antes. 20 dias atrás parecia uma situação de atenção mas não muito mais do que uma síndrome gripal importante. Estávamos mais tranquilos mas visto que o contágio é muito rápido e exponencial e a evolução em 15 % dos casos sobretudo em pacientes idosos e com patologia de base pode ser grave. A população italiana e europeia è mais velha do que a chinesa e faz com que a mortalidade aqui seja mais alta. 7% da pop italiana tem mais de 80 anos. Visto o colapso do sistema sanitario na Lombardia que é uma região ótima do ponto de vista assistencial, percebemos que, se não se tomamos medidas drásticas, de quarentena para evitar o contágio, pode-se levar ao colapso de todo o sistema sanitário. São mais de 10 mil contagiados até hoje, mais de 600 mortos e 700 curados e 15% destes com pulmonite intersticial bilateral e insuficiência respiratória e com necessidade de ser entubado. Ficam entubados por ao menos 20 dias se não mais. Se não são disponíveis ventiladores para todos os pacientes os colegas devem iniciar a decidir quem entubar e quem não. portanto se os leitos e ventiladores não são suficientes o sistema vai em tilt. O país entrou em quarentena há dois dias para tentar evitar o colapso em regiões com menos recursos como no sul da Itália. O mesmo vale para outros países com menos recursos. Escolas fechadas e todas as atividades fechadas por ao menos 20 dias com objetivo de diminuir contágio e crise do sistema sanitário que na Itália é público. Nós médicos estamos trabalhando mas toda a atividade ambulatorial e não de urgência está sendo adiada. Esperamos sirva de exemplo para todos. E acima de tudo que a mudança das regras de comportamento como lavagem das mãos e proteção ao próximo com uso de máscaras para cobrir as vias aéreas, se estiver doente ou resfriado, para evitar de contagiar outros, sejam utilizadas sempre. Enfim, quem sabe servirá para aumentar o nível de consciência de todos nós sobre muitos aspectos higiénicos, de coletividade e de respeito ao próximo. A dinâmica do dia a dia não é fácil neste momento. Não poder sair, as crianças em casa, atividades de lazer e restaurantes fechados è muito difícil. Por sorte não vivemos o período da guerra, mas garanto que parece guerra. é surreal! Temos supermercados e farmácias abertos mas garanto que convencer teus filhos que não podemos sair de casa e a sensação de saber que eu que sou profissional de risco e posso sempre trazer o vírus pra casa não é fácil. espero agora que com a quarentena total em vigor consigamos conter o num de contágios e que não vire de verdade uma pandemia mundial. abraço virtual a todos, com saudades, ",https://www.saude.gov.br/images/jpg/2020/marco/23/fake7.jpg,1
saude-21,https://www.saude.gov.br/component/content/article/1361-fake-news/46580-pesquisa-publicada-por-cientistas-chineses-diz-que-coronavirus-tornara-a-maioria-dos-pacientes-do-sexo-masculino-infertil-e-fake-news,2020-03-23 13:33:29,Pesquisa publicada por cientistas chineses diz que coronavírus tornará a maioria dos pacientes do sexo masculino infértil,Pesquisa publicada por cientistas chineses diz que coronamÍrus tornará a maioria dos pacientes do SEXO Masculina infértil,https://www.saude.gov.br/images/jpg/2020/marco/23/fake6.jpg,1
saude-22,https://www.saude.gov.br/component/content/article/1361-fake-news/46579-verdades-e-mentiras-do-cremerj-para-coronavirus-e-fake-news,2020-03-23 13:31:56,Verdades e mentiras do CREMERJ para coronavírus,"Diante de todos os fatos veiculados sobre coronavírus, o CREMERJ, mais uma vez, vem se pronunciar sobre verdades e mentiras dessa doença. VERDADES - A taxa de letalidade é inferior a 3%: - Não existem relatos de casos de óbitos entre crianças e adolescentes: -O vírus não resiste às temperaturas acima de 26° C: - É necessário lavar as mãos e aplicar álcool gel frequentemente: - Não há motivo para pânico; O coronavírus não resiste a mais de 9 horas no ar: - Ao espirrar ou tossir, dobre o braço e encoste a boca na junção do cotovelo. MENTIRAS - Produtos vindos da China podem vir contaminados com o vírus: - Lavar o nariz com soro fisiológico desativa o vírus: - Enxaguante bucal elimina o coronavírus: - Chá de abacate com hortelă previne coronavírus; - Medicamentos eficazes contra o novo coronavírus; - Uísque e mel são eficientes contra o coronavírus O CREMERJ alerta que o sarampo é. para nós, mais letal do que o coronavírus, principalmente, no estado do Rio de Janeiro. Todos os que não se vacinaram, dos 6 meses aos 59 anos, podem fazé-lo nos postos de saúde. Previnam-se contra o sarampo. E por favor, divulguem estas verdades e mentiras.",https://www.saude.gov.br/images/jpg/2020/marco/23/fake10.jpg,1
saude-23,https://www.saude.gov.br/component/content/article/1361-fake-news/46578-colocar-luvas-para-manusear-dinheiro-e-evitar-coronavirus-e-verdade,2020-03-23 13:30:01,Colocar luvas para manusear dinheiro e evitar coronavírus,"Não quero assustar ninguém, mas o coronavírus se espalhará irreversivelmente em breve. E a principal forma de se infectar será através das notas de dinheiro. Portanto, colete todas as suas notas com luvas e coloque-as em um envelope plástico selado. Neste final de semana estarei recolhendo esses envelopes em suas residências. Peço apenas que agendem os horários de retirada aqui. O serviço é totalmente gratuito, o faço apenas em nome da saúde pública e em consideração a todos os membros do grupo. ",https://www.saude.gov.br/images/jpg/2020/marco/23/fake9.jpg,0
saude-24,https://www.saude.gov.br/component/content/article/1361-fake-news/46577-tomar-ou-bebidas-quentes-para-matar-o-coronavirus-e-fake-news,2020-03-23 13:28:02,Tomar ou bebidas quentes para matar o coronavírus,"Meu médico Patrick Martin acabou de me enviar o seguinte: Para ler muito interessante: NÃO PARAMOS O VÍRUS COM PÂNICO. MAS POR INTELIGÊNCIA! Acabei de fazer a tradução do texto em italiano recebido. Estou enviando gradualmente para todos os meus amigos que falam francès, por isso não hesite em transferi-lo o máximo possível. Essa informação vem de médicos atualmente na linha de frente do combate ao vírus, que podem ajudar um grande número de pessoas. COPIAR IMPRIMIR, PASSAR! Amanda Castello. ""Não paramos o vírus com pânico, mas com inteligência. Aqui estão novas informações de um pesquisador de Shenzhen transferido para Wuhan para trabalhar com a força-tarefa da epidemia de Coronavírus. As informações a seguir são claras, simples e acessíveis a todos, descrevendo exatamente o que é o vírus, como é transmitido de pessoa para pessoa e como pode ser neutralizado na vida cotidiana. A infecção por coronavírus não se apresenta como o resfriado habitual, com corrimento nasal ou tosse com cátaros e escarro, mas, pelo contrário, com tosse seca. Este é o primeiro sinal para identificar corretamente. Importante saber: o vírus não resiste ao calor e morre se for exposto a temperaturas de 26 a 27°. Portanto, é muito importante consumir durante o dia todas as bebidas quentes possíveis, como chá, chá de ervas, caldo, sopas ou simplesmente água quente. O líquido quente neutraliza o vírus e não é difícil absorvê-lo. Importante: Evite beber água gelada ou sugar gelo ou neve para aqueles que estão nas montanhas. principalmente crianças. Para quem pode, é importante expor-se o máximo possível ao sol, de acordo com as condições climáticas atuais.",https://www.saude.gov.br/images/jpg/2020/marco/23/fake3.jpg,1
saude-25,https://www.saude.gov.br/component/content/article/1361-fake-news/46576-coronavirus-morre-a-26-c-e-fake-news,2020-03-23 13:25:28,Coronavírus morre a 26o C,"Unicef O Corona vírus é maior do que o normal; o diâmetro da célula é de 400 a 500 mícrons e, por esse motivo, qualquer máscara impede a sua entrada no organismo. O vírus não se propaga no ar. O coronavírus, quando cai sobre uma superfície de metal, permanece vivo durante 12 horas. Lavar as mãos com água e sabão é suficiente para o destruir. O corona vírus quando cai sobre num tecido, permanece vivo durante 9 horas, portanto, lavar a roupa ou colocá-la ao sol durante 2 horas, será suficiente para o eliminar. O vírus só vive nas mãos durante 10 minutos. Assim, usar um desinfetante em gel também o eliminará. O vírus exposto a uma temperatura de 26 a 27 ° C morre. A água que esteja exposta ao sol poderá ser consumida sem qualquer perigo. Evitar comer gelados ou pratos frios; os alimentos quentes são mais seguros, visto que o calor elimina o vírus. Gargarejar com água morna ou salgada mata os vírus que se alojem nas amígdalas e evita que passem para os pulmões. Estas medidas são suficientes para evitar a ocorrência e propagação do vírus em qualquer parte do mundo. UNICEF",https://www.saude.gov.br/images/jpg/2020/marco/23/fake2.jpg,1
saude-26,https://www.saude.gov.br/component/content/article/1361-fake-news/46575-audio-do-professor-titular-de-cirurgia-toracica-da-usp-hc-incor-e-verdade,2020-03-23 13:23:26,Áudio do professor titular de cirurgia torácica da USP/HC/Incor,,https://www.saude.gov.br/images/jpg/2020/marco/23/fake1.jpg,0
saude-27,https://www.saude.gov.br/component/content/article/1361-fake-news/46515-agua-ou-cha-quente-mata-o-coronavirus-e-fake-news,2020-03-09 19:41:58,Água ou chá quente mata o coronavírus,"Amigos. Trata-se de um artigo escrito por um médico pesquisador que se transferiu de Shenzen para WUHAN para estudar mais profundamente o CORONA VIRUS. Ele traz informações interessantes, que tentarei sumarizar pra você. 1-o vírus é fraco e não resiste ao calor. Temperaturas de 26 ou 27° C já matam o dito cujo. 2 - uma das características do vírus é a tosse seca. Por 3 a 4 dias ele fica restrito à garganta. Assim, nesta fase fazer gargarejos já ajuda a minimizar o impacto. A 2a fase da doença dura 5 a 6 dias e nesta fase o vírus causa coriza e também infecta os pulmões causando pneumonia. A doença vencida este prazo se torna letal.a pessoa tem a sensação de estar respirando debaixo d'água. 3 - O vírus fica resistente nas mãos por 10'. Assim, lavar as mãos frequentemente é muito importante é eficaz. Mas, deve-se evitar coçar os olhos ou nariz pois ele se propaga fácil. 4 -o vírus é muito mais resistente em superfícies metálicas onde pode se manter vivo por até 12 horas. Assim, evitar passar as mãos em corrimãos é importantíssimo. 5- Conselhos: Beber água quente ou chás quentes para matar o vírus. E se puder mande pra frente. Valeu?",https://www.saude.gov.br/images/jpg/2020/marco/09/fake6.jpg,1
saude-28,https://www.saude.gov.br/component/content/article/1361-fake-news/46514-beber-agua-quente-mata-o-coronavirus-e-fake-news,2020-03-09 19:39:43,Beber água quente mata o coronavírus,"Recebi essa informação sobre o Coronavírus pelo line de uma amiga japonesa essa noite e gostaria de repassar para vcs, espero que possa ajudar!O informações importantes sobre o Coronavirus ! Eu recebi essa corrente de um amigo. Uma pessoa que trabalha em uma instituição médica me forneceu informações de contramedidas para coronavírus. Vou compartilhar com quem cuida de público e privado. Por favor, espalhe a informação. A autodefesa é fundamental. Este coronavírus foi considerado muito sensível ao calor. Sua resistência ao calor, pode matar a temperaturas de 26 a 27 graus. Então, por favor, beba mais água quente. Beber água quente também é eficaz para todos os vírus. Coisas frias são estritamente proibidas. Desde o final de fevereiro até o final de março, existem muitas infecções por vírus. Por favor, leve chá quente com você em garrafas térmicas quando sair. Se você não puder sair com uma garrafa térmica com chá, procure beber água quente ou beba algo quente com mais frequência. Agora que as medidas nacionais estão atrasadas, cada individuo deve agir com responsabilidade e ter muito cuidado para não se espalhar mais! Suplemento É eficaz para chá contendo catequina e tomar um banho mais quente que a temperatura corporal. A catequina tem efeito antiviral, e o banho quente aumenta a imunidade. Mas cuidado com os choques térmicos. Além disso, considere que o período de incubação é de 27 dias. Informações de instituições privadas de pesquisa (Medical University) e no exterior (EUA). Uma instituição médica em Fukuoka (Universidade Médica) disse: ""Está se espalhando por todo o Japão apenas porque não foi testado"". ""O número de pessoas aumentará acentuadamente à medida que os testes começarem agora"". Não seria estranho se pessoas ao seu redor ja estiverem com o vírus. Por favor, repassem ao maior número de pessoas essa informação importante. Tenham cuidado, pessoal.",https://www.saude.gov.br/images/jpg/2020/marco/09/fake5.jpg,1
saude-29,https://www.saude.gov.br/component/content/article/1361-fake-news/46513-ministerio-da-saude-recomenda-quarentena-aos-viajantes-assintomaticos-para-coronavirus-e-fake-news,2020-03-09 19:37:43,Ministério da Saúde recomenda quarentena aos viajantes assintomáticos para coronavírus,1° caso de coronavirus no Brasil. Um homem de 61 anos que voltou dia 21/2 de Milão/Itália. A Anvisa vai contatar todos passageiros que vieram no mesmo vôo que ele. Viajar para exterior ficou complicado. Se vc fica num Hotel ou vem num vôo que tem alguém infectado vc tem que ficar de quarentena. Meus Jesus olhai por nós.,https://www.saude.gov.br/images/jpg/2020/marco/09/fake4.jpg,1
saude-30,https://www.saude.gov.br/component/content/article/1361-fake-news/46512-codigo-genetico-do-coronavirus-e-diferente-nos-2-brasileiros-infectados-e-verdade,2020-03-09 19:36:06,Código genético do coronavírus é diferente nos 2 brasileiros infectados,G G1 agora VÍRUS EM MUTAÇÃO Código genético do coronavírus é diferente nos 2 brasileiros infectados,https://www.saude.gov.br/images/jpg/2020/marco/09/fake3.jpg,0
saude-31,https://www.saude.gov.br/component/content/article/1361-fake-news/46511-coronavirus-fica-vivo-por-9-dias-e-fake-news,2020-03-09 19:33:07,Coronavírus fica vivo por 9 dias,Publicação da Nature. Saiu on line. A conclusão é que o corona vírus fica vivo por 9 dias em superfícies inertes. Mas o álcool entre 62 e 70% diminui o tempo para 1 minuto. Conclusion Human coronaviruses can remain infectious on inanimate surfaces for up to 9 days. Surface disinfection with 0.1% sodium hypochlorite or 62e71% ethanol significantly reduces corona- virus infectivity on surfaces within 1 min exposure time. We expect a similar effect against the SARS-CoV-2.,https://www.saude.gov.br/images/jpg/2020/marco/09/fake2.jpg,1
saude-32,https://www.saude.gov.br/component/content/article/1361-fake-news/46510-oleo-consagrado-para-curar-coronavirus-e-fake-news,2020-03-09 19:31:35,Óleo consagrado para curar coronavírus,"Ele enviou a sua palavras curou, e os livrou da mer -Salmos 107.20 O PODER DE DEUS CONTRAO ISTO É CORONAVÍRUS Venha porque haverá unção com óleo consagrado no jejum para imunizar contra qualquer epidemia, vírus ou doença! 01 MAR 19H  Av. das Indústrias, 1131, bairo São João - Porte Alegre",https://www.saude.gov.br/images/jpg/2020/marco/09/fake1.jpg,1
saude-33,https://www.saude.gov.br/component/content/article/1361-fake-news/46479-receita-de-coco-que-cura-coronavirus-e-fake-news,2020-03-03 17:23:02,Receita de coco que cura coronavírus,,https://www.saude.gov.br/images/jpg/2020/marco/03/fake7.jpg,1
saude-34,https://www.saude.gov.br/component/content/article/1361-fake-news/46478-caso-de-coronavirus-confirmado-no-ceara-e-fake-news,2020-03-03 17:15:44,Caso de coronavírus confirmado no Ceará,"28/02/2020 Às 08:30 Confirmado primeiro caso de Corona Vírus no estado do Ceará, na cidade de Itapipoca. Paciente veio da cidade de Jericoacoara e após sentir os sintomas de itapipoca para consulta. Após prévio diagnóstico foi detectado de Corona Vírus, na mesma hora o paciente foi encaminhado para hospital para realizar novos exames, no qual foi confirmado novamente a presença do vírus, o paciente foi isolado após a detecção e será encaminhado à um hospital particular em Fortaleza. Paciente teve contado com mais de 70 pessoas nas cidades de Jeri, Itapipoca,Marco e Tururu.",https://www.saude.gov.br/images/jpg/2020/marco/03/fake6.jpg,1
saude-35,https://www.saude.gov.br/component/content/article/1361-fake-news/46477-caso-de-coronavirus-confirmado-no-piaui-e-fake-news,2020-03-03 17:14:30,Caso de coronavírus confirmado no Piauí,"DOENÇA MISTERIOSA CHEGA AO BRASIL Autoridades sanitárias confirmaram o primeiro caso de coronavírus no Brasil. O caso foi registrado no Piauí. O paciente, que não teve sua identidade revelada, é brasileiro e chegou da China na última quinta-feira, dia 23 de janeiro. Desde então, encontra-se em quarentena na Maternidade Marques Basto, na cidade de Parnaíba, litoral do estado. O Ministério da Saúde pede atenção aos sintomas da enfermidade, que são: dificuldade de respirar, coriza, tosse, dor de garganta e febre, e adverte os grupos de maior risco, como idosos e crianças, que podem desenvolver doenças mais graves ao serem contaminadas com o coronavírus, como pneumonia, sindrome respiratória aguda grave, falha renal e morte. O urto da doença, iniciado na cidade chinesa de Wuhan, tem assustado a população mundial, que teme o inicio de uma nova pandemia, e já infectou mais de 1000 pessoas, causando mais de 100 óbitos até o momento.",https://www.saude.gov.br/images/jpg/2020/marco/03/fake5.jpg,1
saude-36,https://www.saude.gov.br/component/content/article/1361-fake-news/46468-vitamina-c-cura-coronavirus-que-veio-dos-animais-e-agua-com-limao-que-cura-cancer-e-fake-news,2020-03-02 17:21:35,"Vitamina C cura coronavírus, que veio dos animais, e água com limão que cura câncer ","Boa tarde Essa mensagem é correta? Olá, sou Laila Ahmadi da China estudante da Faculdade de Ciências Médicas da Universidade de Zanjan. O vírus Corona ou COVD-19 chegará a qualquer país mais cedo ou mais tarde, e não há dúvida de que muitos países não possuem nenhum kit ou equipamento de diagnóstico sofisticado. Por favor, use o máximo de * vitamina C natural possível * para fortalecer seu sistema imunológico. Atualmente, o vírus não contém vacina nem tratamento específico Infelizmente, devido à mutação genética que o tornou muito perigosa. Esta doença parece ser causada pela fusão do gene entre uma cobra e um morcego, e adquiriu a capacidade de infectar mamíferos, incluindo humanos. É importante ter maior conhecimento da doença: o professor Chen Horin, CEO do Hospital Militar de Pequim, disse: ""Fatias de limão em um copo de água morna podem salvar sua vida"". Portanto independentemente do que estiverem fazendo dê uma olhada nesta mensagem e passe para outras pessoas! Limão quente pode matar células cancerígenas! Corte o limão em três partes e colocado em um copo, depois despeje água quente e transforme-a em (água alcalina), beba todos os dias, definitivamente beneficiará a todos. O tratamento com esse extrato destrói apenas células malignas e não afeta células saudáveis. Segundo: o ácido carboxílico do suco de limão podem regular a pressão alta, proteger artérias estreitas, regular a circulação sanguínea e reduzir a coagulação do sangue. Depois de ler a mensagem transfira-a para a pessoa que você ama e cuide da sua saúde pessoal. Conselho: O professor Chen Horin observa que quem recebe essa mensagem tem pelo menos a garantia de salvar a vida de alguém .",https://www.saude.gov.br/images/jpg/2020/marco/02/fake5.jpg,1
saude-37,https://www.saude.gov.br/component/content/article/1361-fake-news/46467-utilizar-alcool-em-gel-nas-maos-para-prevenir-coronavirus-altera-bafometro-nas-blitz-e-fake-news,2020-03-02 17:16:25,Utilizar álcool em gel nas mãos para prevenir coronavírus altera bafômetro nas blitz,,https://www.saude.gov.br/images/jpg/2020/marco/03/fake11.jpg,1
saude-38,https://www.saude.gov.br/component/content/article/1361-fake-news/46466-bombeiro-afirma-que-ha-mais-de-58-casos-de-coronavirus-no-brasil-e-fake-news,2020-03-02 17:08:42,Bombeiro afirma que há mais de 58 casos de coronavírus no Brasil,,https://www.saude.gov.br/images/jpg/2020/marco/02/fake3.jpg,1
saude-39,https://www.saude.gov.br/component/content/article/1361-fake-news/46464-coronavirus-veio-dos-animais-e-fake-news,2020-03-02 15:55:43,Coronavírus veio dos animais,"A principal fonte de vírus corona é encontrada. Acontece que muitos telhados em Wuhan, província de Hubei, estão fortemente infestados de morcegos de crisântemo, um tipo de morcego que carrega o vírus em seu corpo. Quando as cobras comem esses morcegos, as cobras se tornam transportadoras secundárias, e quando os chineses comem essas serpentes, elas se tornam transportadoras humanas do vírus e se espalham para os seres humanos através do ar e de outras superfícies estruturais gerais, tossindo, espirrando, coriza, etc. .",https://www.saude.gov.br/images/jpg/2020/marco/02/fake2.jpg,1
saude-40,https://www.saude.gov.br/component/content/article/1361-fake-news/46463-alcool-em-gel-e-a-mesma-coisa-que-nada-e-fake-news,2020-03-02 15:48:39,Álcool em gel é a mesma coisa que nada,,https://www.saude.gov.br/images/jpg/2020/marco/02/fake1.jpg,1
saude-41,https://www.saude.gov.br/component/content/article/1361-fake-news/46454-e-mail-com-informacoes-de-que-cha-de-erva-doce-cura-coronavirus-e-fake-news,2020-02-28 17:08:18,E-mail com informações de que chá de erva doce cura coronavírus,"De: Renato Ribscice Data: 01/28/20 16:27.24 Para: Renate Ribeiro Assunte Coronavirus - cuidados Assuntor Coronavirus - cuidados Diretor do HC (Hospital das Clinicas) preocupado com a nova gripe, faz as seguintes recomendações: - Fazer do álcool gel o nossso aliado. - Começar a tomar vitamina C urgente, cuidar das crianças. - Lavar as mlos muitas vezes ao dia. - evitar locais onde haja multidlo, - tomar vitamina C; - comer figado de boi; - ingerir sucos de acerola e laranja - Tomar chá de erva-doce duas vezes ao dia. ERVA-DOCE O chá de erva-doce tem a mesma subståncia que o medicamento TAMIFLU, o remédio usado para tratar a gripe A- HINI. Aconselha-se tomar o chá como se fosse café, após as refciçdes. Um infectologista do hospital Slo Domingos, recomenda tomar de 12 em 12/horas o chá de erva doce, pois ele mata o virus da influenza. É da erva-doce que é feito o TAMIFLU. * Repasse para seus familiares e amigos pois é muito importante.",https://www.saude.gov.br/images/jpg/2020/fevereiro/28/fake.jpg,1
saude-42,https://www.saude.gov.br/component/content/article/1361-fake-news/46448-fibrose-nos-pulmoes-ao-respirar-e-coronavirus-e-fake-news,2020-02-27 19:07:34,Fibrose nos pulmões ao respirar e coronavírus,"COMPARTILHO COMO RECEBIDO: O novo coronavírus do PCN pode não mostrar sinais de infecção por muitos dias, como saber se ele / ela está infectado. Quando eles têm febre e / ou tosse e vão para o hospital, os pulmões geralmente têm 50% de fibrose e é tarde demais! Os especialistas de Taiwan fornecem uma autoavaliação simples que pr fazer todas as manhãs: Respire fundo e prenda a respiração por mais de 10 segundos. Se você completá-lo com sucesso sem tossir, sem desconforto, congestão ou aperto etc, isso prova que não há fibrose nos pulmões, basicamente indicando que não há infecção. Em tempos críticos, verifique todas as manhãs em um ambiente com ar limpo! CONSELHOS EXCELENTES SÉRIOS por médicos japoneses que tratam casos de COVID-19. Todos devem garantir que sua boca e garganta estejam úmidas, nunca SECA. Tome alguns goles de água a cada 15 minutos, pelo menos. PORQUE? Mesmo se o vírus entrar em sua boca . beber água ou outros líquidos os lavará pelo esôfago e pelo estômago. Uma vez lá na barriga . seu ácido do estômago matará todo o vírus. Se você não beber água suficiente com mais regularidade . o vírus pode entrar nas traquéias e nos PULMÕES. Isso é muito perigoso. Favor enviar e compartilhar com a família, amigos e todos sobre isso! Tome cuidado com todos e que o mundo se recupere do vírus corona em breve. Que tudo fique bem n feliz",https://www.saude.gov.br/images/jpg/2020/fevereiro/27/fake9.jpg,1
saude-43,https://www.saude.gov.br/component/content/article/1361-fake-news/46447-coronavirus-veio-do-inseticida-e-fake-news,2020-02-27 16:38:01,Coronavírus veio do inseticida,,https://www.saude.gov.br/images/jpg/2020/fevereiro/27/fake8.jpg,1
saude-44,https://www.saude.gov.br/component/content/article/1361-fake-news/46445-paciente-com-coronavirus-curada-em-48h-com-medicamentos-de-aids-e-fake-news,2020-02-27 16:32:36,Paciente com coronavírus curada em 48h com medicamentos de AIDS,"Imastingram radiobandnewsim estava internada com quadro de pneumonia. Os médicos administraram um coquetel de medicamentos antivirais usados contra HIV e gripe, já que não existe um remédio especifico para o coronavirus. Até agora, 427 pessoas morreram por complicações da doença e mais de 20 mi! notificações são investigadas apenas na China. Outros 24 países também registraram casos da doença; aqui no Brasil, o Ministério da Saúde acompanha 13 suspeitas, a maioria em São Paulo.",https://www.saude.gov.br/images/jpg/2020/fevereiro/27/fake7.jpg,1
saude-45,https://www.saude.gov.br/component/content/article/1361-fake-news/46444-muitos-casos-confirmados-de-coronavirus-no-brasil-e-fake-news,2020-02-27 16:30:36,Muitos casos confirmados de coronavírus no Brasil,"CORONAVIRUS.casos confirmados no Brasil: Acre: 584 casos Amazonas: 2456 casos Bahia: 4568 casos Ceará: 668 casos DF: 450 casos Espírito Santo: 168 casos Maranhão: 500 casos para 890, Pernambuco: 4668 casos RJ: 7764 casos SP: 33898 MG: não relatado Despertem!",https://www.saude.gov.br/images/jpg/2020/fevereiro/27/fake6.jpg,1
saude-46,https://www.saude.gov.br/component/content/article/1361-fake-news/46443-coronavirus-pode-ser-curado-com-tigela-de-agua-de-alho-recem-fervida-e-fake-news,2020-02-27 16:29:18,Coronavírus pode ser curado com tigela de água de alho recém-fervida,"Boas notícias O VÍRUS CORONA de Wuhan pode ser curado *por _Uma tigela de água de alho recém-fervida! O velho médico chinês provou sua eficácia. Muitos pacientes também provaram que isso é eficaz. Receita: Tome oito (8) dentes de alho picados, adicione sete (7) xícaras de água e deixe ferver. Coma e beba a água fervida do alho. Melhoria e cura durante a noite! Por favor, compartilhe-o com todos os contatos. _Pode ajudar a salvar vidas.",https://www.saude.gov.br/images/jpg/2020/fevereiro/27/fake5.jpg,1
saude-47,https://www.saude.gov.br/component/content/article/1361-fake-news/46442-coronavirus-vem-do-morcego-e-fake-news,2020-02-27 16:27:48,Coronavírus vem do morcego,"Uma análise sobre o coronavírus Para entender as possibilidades de o coronavírus se espalhar pelo Brasil, o especialista em biossegurança Edison Durigon, professor titular de virologia do Instituto de Ciências Biomédicas da USP, dá uma dica: o clima quente do Brasil dificulta a transmissão. -0 que esse vírus tem de diferente dos demais coronavírus? Os quatro tipos de coronavírus que circulam entre humanos e que infectam principalmente crianças, são responsáveis por resfriados e gripes leves. Eles não são muito graves. Esse novo coronavírus da China vem do morcego. Dos sete tipos existentes de coronavírus, pelo menos dois, que são o Beta e o Alfa, infectam morcegos, que é quase como um reservatório desse vírus. Não fica doente, mas transmite.",https://www.saude.gov.br/images/jpg/2020/fevereiro/27/fake4.jpg,1
saude-48,https://www.saude.gov.br/component/content/article/1361-fake-news/46441-caso-de-coronavirus-em-casal-na-feira-dos-importados-em-brasilia-e-fake-news,2020-02-27 16:24:14,Caso de coronavírus em casal na Feira dos Importados em Brasília,"Bom dia pessoal, acabou de sair daqui uma médica infectologistas do ministério da saúde, e nos disse q aqui em Braslia foi detectado o caso do coronavirus, um casal na feira dos importados e foi comprovado que estão infectados. Ela recomendou para tomararmos vitamina D3 e C todos os dias ep bebės uma vitamina chamada OSCILLOCOCCINUM.",https://www.saude.gov.br/images/jpg/2020/fevereiro/27/fake3.jpg,1
saude-49,https://www.saude.gov.br/component/content/article/1361-fake-news/46440-cha-de-erva-doce-e-coronavirus-e-fake-news,2020-02-27 16:21:00,Chá de erva doce e coronavírus,"Orientações de prevenção ao CORONA VÍRUS -Usar álcool em gel -Tomar vitamina c -Lavar as mãos varias vezes ao dia -Evitar locais de multidão -Comer figado de boi -Ingerir sucos de acerola e laranja -Tomar chá de erva-doce duas vezes ao dia ERVA-DOCE O chá de erva-doce tem a mesma substância que o medicamento TAMIFLU, o remédio usado para tratar a gripe A - HINI. Aconselha-se tomar o chá como se fosse café, após as refeições. O infectologista recomenda tomar de 12 em 12/horas o chá de erva doce, pois ele mata o virus da influenza. É da erva-doce que é feito o TAMIFLU.",https://www.saude.gov.br/images/jpg/2020/fevereiro/27/fake2.jpg,1
saude-50,https://www.saude.gov.br/component/content/article/1361-fake-news/46439-tribunal-chines-para-matar-20-mil-pacientes-com-coronavirus-e-fake-news,2020-02-27 16:18:33,Tribunal chinês para matar 20 mil pacientes com coronavírus,"Isto é o Fim do Mundo!!! China busca aprovação do tribunal para matar os mais de 20.000 pacientes com coronavírus para evitar a disseminação do vírus o mais alto nível de tribunal em Chhina, o Supremo Tribunal Popular, deve aprovar na sexta-feira a matança em massa de pacientes com coronavírus na China ",https://www.saude.gov.br/images/jpg/2020/fevereiro/27/fake.jpg,1
saude-51,https://www.saude.gov.br/component/content/article/1361-fake-news/46369-china-cancelou-todos-os-embarques-de-produtos-por-navio-ate-marco-e-fake-news,2020-02-12 14:29:55,China cancelou todos os embarques de produtos por navio até março,"*Notícias Importantes * ""Governos chinês cancelou todos os embarques de produtos têxteis e outros produtos via navio até Março. Sendo, assim qualquer tecido que for embarcado assim que liberado por motivo da epidemia do Coronavírus. Só chega no Brasil entre Maio e Junho.""",https://www.saude.gov.br/images/jpg/2020/fevereiro/12/fake4.jpg,1
saude-52,https://www.saude.gov.br/component/content/article/1361-fake-news/46368-cura-contra-o-coronavirus-e-fake-news,2020-02-12 14:27:32,Cura contra o coronavírus,,https://www.saude.gov.br/images/jpg/2020/fevereiro/12/fake3.jpg,1
saude-53,https://www.saude.gov.br/component/content/article/1361-fake-news/46367-medicos-tailandeses-curam-coronavirus-em-48h-e-fake-news,2020-02-12 14:26:02,Médicos tailandeses curam coronavírus em 48h,"Médicos tailandeses PALSA curam paciente com coronavírus em 48 horas Chinesa de 71 anos estava internada em um hospital da Tailândia, onde recebeu coquetel de antivirais; exames posteriores não detectaram o vírus Do R7 4/2/2020 às 14h24 (Atualizado em 4/2/2020 às 14h43) ",https://www.saude.gov.br/images/jpg/2020/fevereiro/12/fake2.jpg,1
saude-54,https://www.saude.gov.br/component/content/article/1361-fake-news/46366-plastico-bolha-e-o-novo-coronavirus-e-fake-news,2020-02-12 14:24:21,Plástico bolha e o novo coronavírus,Antes de estourar plástico bolha lembre-se que o ar vem da China,https://www.saude.gov.br/images/jpg/2020/fevereiro/12/fake1.jpg,1
saude-55,https://www.saude.gov.br/component/content/article/1361-fake-news/46333-cha-de-abacate-com-hortela-previne-coronavirus-e-fake-news,2020-02-10 18:18:01,Chá de abacate com hortelã previne coronavírus,,https://www.saude.gov.br/images/jpg/2020/fevereiro/10/coronavirus1.jpg,1
saude-56,https://www.saude.gov.br/component/content/article/1361-fake-news/46313-semelhanca-do-virus-hiv-com-o-coronavirus-e-fake-news,2020-02-06 17:00:03,Semelhança do vírus HIV com o coronavírus,,https://www.saude.gov.br/images/jpg/2020/fevereiro/06/coronavirus11.jpg,1
saude-57,https://www.saude.gov.br/component/content/article/1361-fake-news/46308-situacao-fora-de-controle-novo-coronavirus-e-fake-news,2020-02-06 13:38:11,Situação fora de controle: novo coronavírus,,https://www.saude.gov.br/images/png/2020/fevereiro/06/coronavirus8.png,1
saude-58,https://www.saude.gov.br/component/content/article/1361-fake-news/46307-novo-coronavirus-causa-pneumonia-de-imediato-e-fake-news,2020-02-06 13:37:04,Novo coronavírus causa pneumonia de imediato,,https://www.saude.gov.br/images/png/2020/fevereiro/06/coronavirus7.png,1
saude-59,https://www.saude.gov.br/component/content/article/1361-fake-news/46306-medicamentos-eficazes-contra-o-novo-coronavirus-e-fake-news,2020-02-06 13:36:10,Medicamentos eficazes contra o novo coronavírus,,https://www.saude.gov.br/images/png/2020/fevereiro/06/coronavirus6.png,1
saude-60,https://www.saude.gov.br/component/content/article/1361-fake-news/46305-novo-coronavirus-confirmado-em-duque-de-caxias-e-fake-news,2020-02-06 13:35:11,Novo coronavírus confirmado em Duque de Caxias,,https://www.saude.gov.br/images/png/2020/fevereiro/06/coronavirus5.png,1
saude-61,https://www.saude.gov.br/component/content/article/1361-fake-news/46304-novo-coronavirus-confirmado-no-brasil-e-fake-news,2020-02-06 13:34:19,Novo coronavírus confirmado no Brasil,,https://www.saude.gov.br/images/png/2020/fevereiro/06/coronavirus4.png,1
saude-62,https://www.saude.gov.br/component/content/article/1361-fake-news/46303-novo-coronavirus-confirmado-no-parana-e-fake-news,2020-02-06 13:33:17,Novo coronavírus confirmado no Paraná,,https://www.saude.gov.br/images/png/2020/fevereiro/06/coronavirus3.png,1
saude-63,https://www.saude.gov.br/component/content/article/1361-fake-news/46302-dados-sobre-o-novo-coronavirus-na-china-e-fake-news,2020-02-06 13:32:16,Dados sobre o novo coronavírus na China,,https://www.saude.gov.br/images/png/2020/fevereiro/06/coronavirus2.png,1
saude-64,https://www.saude.gov.br/component/content/article/1361-fake-news/46301-informacoes-sobre-o-coronavirus-e-verdade,2020-02-06 13:28:40,Informações sobre o coronavírus,,https://www.saude.gov.br/images/png/2020/fevereiro/06/coronavirus1.png,0
saude-65,https://www.saude.gov.br/component/content/article/1361-fake-news/46283-coronavirus-atinge-3-estados-brasileiros-e-fake-news,2020-02-03 18:24:33,Coronavírus atinge 3 estados brasileiros,,https://www.saude.gov.br/images/jpg/2020/fevereiro/03/coronavirus4.jpg,1
saude-66,https://www.saude.gov.br/component/content/article/1361-fake-news/46282-suspeita-de-coronavirus-no-hospital-de-santa-maria-df-e-fake-news,2020-02-03 17:20:21,Suspeita de coronavírus no Hospital de Santa Maria (DF),,https://www.saude.gov.br/images/jpg/2020/fevereiro/03/coronavirus3.jpg,1
saude-67,https://www.saude.gov.br/component/content/article/1361-fake-news/46281-uisque-e-mel-contra-coronavirus-e-fake-news,2020-02-03 17:18:27,Uísque e mel contra coronavírus,,https://www.saude.gov.br/images/jpg/2020/fevereiro/03/coronavirus2.jpg,1
saude-68,https://www.saude.gov.br/component/content/article/1361-fake-news/46277-oleos-para-combater-coronavirus-e-fake-news,2020-02-03 16:17:51,Óleos para combater coronavírus,,https://www.saude.gov.br/images/jpg/2020/fevereiro/03/coronavirus.jpg,1
saude-69,https://www.saude.gov.br/component/content/article/1361-fake-news/46264-cha-imunologico-contra-o-novo-coronavirus-e-fake-news,2020-01-31 11:04:58,Chá imunológico contra o novo coronavírus,"Chá Imunológico contra Coranavírus INGREDIENTES 3 fatias de gengibre 1 dente de alho amassado 1 col. (sobremesa) de folhas secas de capim-limão ·1 col. (sopa) de folhas frescas de tomilho 1 col. (sobremesa) de folhas secas de hortelă 1 xíc. (chá) de água alcalina Rárida pH 10,55 1/2 Casca de limão Como preparar e tomar: Despejar a água fervente sobre as plantas secas ou frescas. Abafar e deixar em descansar por 5 a 15 minutos. Coar e beber. Pingar no chá 30 gotas de própolis verde em 1 xícara do chá ao levantar e ao deitar. Deve-se evitar açúcar branco, leite e derivados, refrigerantes, sorvetes pra potencializar o efeito preventivo contra o Coronavírus. By Dr. Rômulo França",https://www.saude.gov.br/images/jpg/2020/janeiro/31/fake-news-coronavirus.jpg,1
saude-70,https://www.saude.gov.br/component/content/article/1361-fake-news/46261-vitamina-c-zinco-e-o-novo-coronavirus-e-fake-news,2020-01-30 19:35:22,Vitamina C + zinco e o novo coronavírus,,https://www.saude.gov.br/images/jpg/2020/janeiro/30/fake-news-novo-coronavirus8.jpg,1
saude-71,https://www.saude.gov.br/component/content/article/1361-fake-news/46260-compras-da-china-pela-internet-e-o-novo-coronavirus-e-fake-news,2020-01-30 19:33:26,Compras da China pela internet e o novo coronavírus,"Outra dúvida: compras feitas pela Internet em sites chineses, os produtos vindos de lá podem estar contaminados?",https://www.saude.gov.br/images/jpg/2020/janeiro/30/fake-news-novo-coronavirus7.jpg,1
saude-72,https://www.saude.gov.br/component/content/article/1361-fake-news/46259-carnaval-sera-porta-de-entrada-para-o-novo-coronavirus-e-fake-news,2020-01-30 18:39:33,Carnaval será porta de entrada para o novo coronavírus,"ATENÇÃO PRO CORONA VÍRUS !! O CARNAVAL SERÁ A PORTA DE ENTRADA NO BRASIL TESTE: FECHE OS OLHOS. PENSE EM 5 PESSOAS QUE VOCÊ JAMAIS GOSTARIA DE PENSAR EM PERDER!!!!! POIS É. ENTÃO LEIA O TEXTO E COMPARTILHA PRA GERAL ANTES QUE TEU VIZINHO CONTAMINE ESSAS 5 PESSOAS QUE VC AMA TANTO. A organização mundial de saúde Alerta! O Coronavírus já matou milhares de pessoas, e o caso vem sendo abafado! O Carnaval cheio de turistas estrangeiros no país. trará menos dinheiro, do que pessoas já infectadas. O que podemos fazer no Brasil ? G - Lave tuas unhas, entre dedos e mãos com sabão sempre que possível diariamente. -Muito Álcool gel nos braços, mãos unhas e entre dedos (Principalmente). Leve sempre na sua bolsa. Troque TODA a tua roupa de cama diariamente se estiver resfriado. Troque TODA a tua roupa de cama semanalmente se não estiver resfriado. Use Lisoform roupas) junto com o sabão (na água de lavar todas as Use Lisoform nos interruptores de luz e maçanetas de portas Ele é potencial limpador. Passe com pano e luvas de limpeza. Proteja seus animais de pessoas gripadas, chuvas e frio isso evita facilitar a debilidade do organismo deles também.",https://www.saude.gov.br/images/jpg/2020/janeiro/30/fake-news-novo-coronavirus6.jpg,1
saude-73,https://www.saude.gov.br/component/content/article/1361-fake-news/46258-medico-falando-sobre-prevencao-do-novo-coronavirus-e-fake-news,2020-01-30 17:30:09,Médico falando sobre prevenção do novo coronavírus,falou corm a irmã dele que mora na China .. ela falou que a China perdeu o controie sobre o coronavirus...Ele recomenda aumentar a imurnidade... veja como,https://www.saude.gov.br/images/jpg/2020/janeiro/30/fake-news-novo-coronavirus5.jpg,1
saude-74,https://www.saude.gov.br/component/content/article/1361-fake-news/46256-feira-dos-importados-em-brasilia-e-o-novo-coronavirus-e-fake-news,2020-01-30 15:38:59,Feira dos Importados em Brasília e o novo coronavírus,"ATENÇÃO.ATENÇÃO.URGENTE O EVITEM A ""FEIRA DOS IMPORTADOS NO S.I.A - DOIS CHINESES QUE LÁ TRABALHAM FORAM DETECTADOS COM O ""CORONA VÍRUS"". ELES ESTAVAM NA CHINA E CHEGARAM NO DF EM 15 JAN 20.ESTÃO COM OS SINTOMAS E ESTAVAM TRABALHANDO NA FEIRA DOS IMPORTADOS.",https://www.saude.gov.br/images/jpg/2020/janeiro/30/fake-news-novo-coronavirus4.jpg,1
saude-75,https://www.saude.gov.br/component/content/article/1361-fake-news/46255-video-vitamina-d-e-a-prevencao-do-novo-coronavirus-e-fake-news,2020-01-30 15:35:28,Vídeo - vitamina D e a prevenção do novo coronavírus,,https://www.saude.gov.br/images/jpg/2020/janeiro/30/fake-news-novo-coronavirus3.jpg,1
saude-76,https://www.saude.gov.br/component/content/article/1361-fake-news/46254-vitamina-d-e-o-novo-coronavirus-e-fake-news,2020-01-30 15:32:05,Vitamina D e o novo coronavírus,"Dica de um médico / alerta coronavírus. (assim como H1N1, H3N3, sarampo, entre outras ) Vc sabe por que alguns vírus se alastram ? Sim, precisamos lavar bem as mãos , usar álcool gel, evitar alguns alimentos crus , lavar bem os alimentos , higienizar os ambientes da casa , etc . mas o principal é pouco difundido. O fato é que a maioria da população é deficiente de uma substância extremamente importante, é conhecida como VITAMINA D, mas é mais que uma vitamina tem estrutura e poder de um hormônio e tem mais de 80 funções , sendo uma delas a de POTENCIALIZAR a IMUNIDADE . No momento, não há vacinas contra o coronavírus , mas devemos de imediato aumentar a exposição ao sol. Esta é uma forma simples e eficaz que você deve se proteger. Apenas 10 minutos DIÁRIOS com a pele exposta ao sol !!!! ",https://www.saude.gov.br/images/jpg/2020/janeiro/30/fake-news-novo-coronavirus2.jpg,1
saude-77,https://www.saude.gov.br/component/content/article/1361-fake-news/46253-notificacao-emergencial-do-ministerio-da-saude-sobre-novo-coronavirus-e-fake-news,2020-01-30 15:14:54,Notificação emergencial do Ministério da Saúde sobre novo coronavírus,"Olá, tudo bem? * Informações mais urgentes, muito sérias e importantes * A notificação de emergência do Ministério da Saúde ao público de que o surto de influenza de Coronavírus neste momento é muito grave e fatal. Não há cura quando você está infectado. * * Está se espalhando da China para vários países * *O método de prevenção é manter a garganta úmida, não deixe a garganta secar. Portanto, não tenha sede porque, uma vez que a membrana da garganta estiver seca, o vírus invadirá seu corpo dentro de 10 minutos. * * Beba água quente de 50-80cc, 30-50cc para crianças, de acordo com a idade. ** Toda vez que sentir que a garganta está seca, não espere, mantenha a água na mão. ** Não beba muito de uma só vez, pois não para ajudar, continue a manter a garganta úmida. * * Até o final de março de 2020, não vá a lugares lotados, use máscara conforme necessário, especialmente em trem ou transporte público ** Evite alimentos fritos ou picantes e carregue vitamina C. * * Os sintomas / descrição são * * Febre alta repetida * * 2. tosse prolongada após febre * * 3.As crianças são propensas * * 4.0s adultos geralmente se sentem desconfortáveis, * dor de cabeça e principalmente respiratória * * 5: altamente contagioso Por favor, compartilhe se você se importa com a vida humana!",https://www.saude.gov.br/images/jpg/2020/janeiro/30/fake-news-novo-coronavirus1.jpg,1
saude-78,https://www.saude.gov.br/component/content/article/1361-fake-news/46252-parar-o-carnaval-por-conta-do-novo-coronavirus-e-fake-news,2020-01-30 15:12:55,Parar o carnaval por conta do novo coronavírus,"Boa tarde a todos. Peço que leiam esse documento. O Brasil está em estado de alerta vermelho em razão desse vírus. Ministério da Saúde vai direcionar todas as ações para tentar debelar a chegada desse vírus. Não vão para carnaval, por favor. A informação é de algo em torno de 16 mil infectados na China. Estão apelidando de ""nova peste"" no MS.",https://www.saude.gov.br/images/jpg/2020/janeiro/30/fake-news-novo-coronavirus.jpg,1
saude-79,https://www.saude.gov.br/component/content/article/1361-fake-news/46244-governo-esconde-numeros-sobre-novo-coronavirus-e-fake-news,2020-01-29 20:08:35,Governo esconde números sobre novo coronavírus,"Pessoal, a cagada é bem maior do que se imagina e das notícias que circulam no BR sobre o Corona vírus. O governo aqui esconde os números, e o que vocês sabem aí é bem pouco sobre a epidemia que está ocorrendo aqui e no mundo. O cenário de hj 26/Jan é esse: - 8 cidades de quarentena (ninguém entra nem sai) - 41 mortos - Mais de 600 infectados confirmados - Mais de 40 mil de casos suspeitos - Alguns mortos não tinham apresentado febre - Na minha cidade já tem 5 casos confirmados - Em Países vizinhos 11 casos confirmados - McDonalds encerrando operações em 5 cidades - Todos os pontos turísticos da China fechados - Todos os grandes festivais cancelados, inclusive o Lantern Festival - Sim, saiu da sopa de morcego OBS: H1N1 e SARS também nasceram de comidas exóticas chinesas",https://www.saude.gov.br/images/jpg/2020/janeiro/29/novo-coronavirus-fake-news5.jpg,1
saude-80,https://www.saude.gov.br/component/content/article/1361-fake-news/46243-pesquisadores-da-ufrj-e-o-novo-coronavirus-e-fake-news,2020-01-29 18:56:19,Pesquisadores da UFRJ e o novo coronavírus,"Agora, pesquisadores da Universidade Federal do Rio de Janeiro (UFRJ) confirmam que o vírus também consegue infectar - e se multiplicar em - cérebros adultos, atingindo neurônios mais maduros e provocando, em alguns casos, desde quadros temporários de confusão mental e dificuldade motora até problemas mais graves, de coma ou perda de memória",https://www.saude.gov.br/images/jpg/2020/janeiro/29/novo-coronavirus-fake-news4.jpg,1
saude-81,https://www.saude.gov.br/component/content/article/1361-fake-news/46242-foto-da-china-e-o-novo-coronavirus-e-fake-news,2020-01-29 18:38:03,Foto da China e o novo coronavírus,essa imagem falam que é da China e que não estão mostrando o lado obscuro.isso é fake?,https://www.saude.gov.br/images/jpg/2020/janeiro/29/novo-coronavirus-fake-news3.jpg,1
saude-82,https://www.saude.gov.br/component/content/article/1361-fake-news/46240-sopa-de-morcego-e-o-coronavirus-e-fake-news,2020-01-29 16:18:39,Sopa de morcego e o coronavírus,"ME AJUDA AÍ PÔ! Sopa de morcego pode ter disseminado coronavírus na China Na preparação da sopa, o morcego é cozido inteiro, com a barriga aberta. FORA OUTROS TRECOS QUE COMEM QUE POVO MALUCO",https://www.saude.gov.br/images/jpg/2020/janeiro/29/novo-coronavirus-fake-news2.jpg,1
saude-83,https://www.saude.gov.br/component/content/article/1361-fake-news/46239-cha-e-o-tratamento-do-novo-coronavirus-e-fake-news,2020-01-29 16:16:51,Chá de erva doce e o tratamento do novo coronavírus,"Diretor do Hospital das Clínicas, preocupado com a nova gripe, faz as seguintes recomendações: - Fazer do álcool gel o nossso aliado. - Começar a tomar vitamina C urgente. - Cuidar das crianças. - Lavar as mãos muitas vezes ao dia. - Evitar locais onde haja multidão. - Ingerir sucos de acerola e laranja. - Tomar chá de erva-doce duas vezes ao dia. ERVA-DOCE: por que? O chá de erva-doce tem a mesma substância que o medicamento TAMIFLU, o remédio usado para tratar a gripe A - HIN1. Aconselha-se tomar o chá como se fosse café, após as refeições.Recomenda-se tomar de 12 em 12/horas o chá de erva doce, pois ele mata o vírus da influenza. * Repasse para seus familiares e amigos, é muito importante!",https://www.saude.gov.br/images/jpg/2020/janeiro/29/novo-coronavirus-fake-news1.jpg,1
saude-84,https://www.saude.gov.br/component/content/article/1361-fake-news/45154-nova-gripe-fatal-e-cha-de-erva-doce-e-fake-news,2019-01-31 10:28:55,Nova gripe fatal e chá de erva doce,"Diretor do HC (Hospital das Clínicas) preocupado com a nova gripe que vai matar muita gente. Fazer do álcool gel o nossso aliado. Comecem a tomar vitamina Curgente, cuidem das crianças. Lavar as mãos muitas vezes. Orienta: - evitar ir a locais onde haja multidão; - tomar vitamina C; - comer figado de boi; - ingerir sucos de acerola e laranja. FÍGADO DE GALINHA Vamos repassar? ERVA-DOCE O chá de erva-doce tem a mesma substância remédio que todas as vítimas da gripe A - H Uma médica, descobriu no seu laboratór famoso TAMIFLU, aparece no CHÁ DE E Aconselha-se tomar o chá como se foss Um infectologista do hospital São Dom 12/horas o chá de erva doce, ela mata o é feito o TAMIFLU. * Repasse para seus famíliares e amigos pois",https://www.saude.gov.br/images/png/2019/janeiro/31/FakeNews-ervadoce.png,1